NodeName,Betweenness
1,0.027517243181023048
2,0.017619189602143766
3,0.04451088777743846
4,0.02136910746050954
5,0.02194750652860377
6,0.02138836416087419
7,0.035873738482544625
8,0.04299786320395953
9,0.02623748160870306
10,0.028118779597193454
11,0.028723341019765
12,0.03498429377503495
13,0.04390845492973281
14,0.09443799929046821
15,0.06618576362359957
16,0.032313722544088735
17,0.030239718062033093
18,0.037419998391833534
19,0.01937200982027817
20,0.020771450150504307
21,0.009835633405257387
22,0.026685965343264756
23,0.02239981199470933
24,0.019082815573207852
25,0.01285070268227501
26,0.017041363907106644
27,0.01973060058346553
28,0.017295604765333497
29,0.019578519768226315
30,0.02298313146424162
31,0.02787906122616924
32,0.02682964978703048
33,0.018492028908705885
34,0.029612722913377642
35,0.024350336984394545
36,0.020520234167984142
37,0.021208300306614778
38,0.0282016416451799
39,0.0259226986200796
40,0.02659080983380265
41,0.06574127507639808
42,0.04268681318469404
43,0.021049413044291365
44,0.03573643008553094
45,0.02546198307855481
46,0.08396692543704197
47,0.10009078073522387
48,0.04603445207932502
49,0.02946733267710526
50,0.05019023102146631
51,0.02383619476659997
52,0.0190384062507732
53,0.011620885600469139
54,0.01029066259711609
55,0.009193524334540766
56,0.005655712100112059
57,0.007055701435455545
58,0.008447073702526467
59,0.006828961116519813
60,0.007185041397232025
61,0.01081447742627412
62,0.012936393689434344
63,0.009092448892880826
64,0.01015754093097707
65,0.02844122571815884
66,0.02685428105020097
67,0.015026330502880025
68,0.01748501873961053
69,0.01546459775356441
70,0.01012770821845577
71,0.010960088623127162
72,0.015343520686527229
73,0.019410170185825297
74,0.016603289370081962
75,0.05073694937750493
76,0.030924858044022386
77,0.03492172530905776
78,0.020504386911252837
79,0.025477669400398018
80,0.026096884581073426
81,0.025059449779809298
82,0.01950973826462491
83,0.015026231478341581
84,0.016974244419161504
85,0.01772967043824191
86,0.013933861230146461
87,0.012893878514089095
88,0.011467488983759542
89,0.015698350799061924
90,0.01588822821767756
91,0.015679535932695256
92,0.011358808378830836
93,0.021145861366300367
94,0.018378469315373156
95,0.013623532340788686
96,0.006670818567652585
97,0.008061414446657523
98,0.017029095730908432
99,0.01816310968158905
100,0.014708989609241304
101,0.011639618343762375
102,0.017800228135688077
103,0.01932347547380812
104,0.028366202424075074
105,0.009983351820247486
106,0.002997372152858819
107,0.003993102941253399
108,0.004513765376236583
109,0.00673053931588103
110,0.008219615223477663
111,0.00575179092114311
112,0.009170760284725764
113,0.008458040097894944
114,0.009351262736980788
115,0.006246336295384654
116,0.006534358830621531
117,0.005191415052087211
118,0.006613755516258035
119,0.013399485661473998
120,0.006974237700574855
121,0.004030376212293682
122,0.004396879652067023
123,0.00833834800392329
124,0.009120067265746235
125,0.006746445759252576
126,0.0045258761321885655
127,0.003775359276472834
128,0.00914517243377599
129,0.02781868496566679
130,0.011169165101341335
131,0.011068713996937495
132,0.011732540084516017
133,0.0110811938419577
134,0.007840370006812687
135,0.008969359700103388
136,0.016260933558393396
137,0.009831413728796132
138,0.010468205385755191
139,0.011619982986738
140,0.0125003129493378
141,0.010342585354966446
142,0.010554931525306285
143,0.016513357324552145
144,0.008021349353308492
145,0.008733370506937243
146,0.010378653303780428
147,0.01858867286484093
148,0.01310154703740445
149,0.013809544705860186
150,0.017193945947251987
151,0.013776224297608797
152,0.01224111909589105
153,0.011209881236867258
154,0.013346356011580978
155,0.0075149442289821
156,0.01019984174000784
157,0.01572328062178756
158,0.015075577348234838
159,0.007958203008974105
160,0.007335076541290368
161,0.00957627435913738
162,0.009514937632319379
163,0.013170467999866264
164,0.009015442172240946
165,0.013451339441938333
166,0.012031444896583613
167,0.01038112709048212
168,0.00821250936196795
169,0.008275413526567596
170,0.005398639389796968
171,0.003168090844355409
172,0.0009116373464038703
173,0.0016141608406370822
174,0.002331402416768052
175,0.0018732867049100408
176,0.0020763460441135945
177,0.0024786124114677386
178,0.005316673985228518
179,0.007313825883293716
180,0.012341099928295898
181,0.021831164465950955
182,0.017724241446160915
183,0.024303412620318206
184,0.03774722611009829
185,0.012645303123532497
186,0.009338961794729391
187,0.043108753164789404
188,0.05557855995782641
189,0.02245955159661967
190,0.018082606324213955
191,0.023741284403190805
192,0.016927970943260342
193,0.015391616379209397
194,0.02030802461499389
195,0.02246502417558754
196,0.01564733734204705
197,0.01292121588913992
198,0.015244777154038703
199,0.013001249779215608
200,0.011172167935745643
201,0.01155469172906433
202,0.01271008951757158
203,0.012040689141798564
204,0.010727850687601658
205,0.010389137628566693
206,0.011039160145267441
207,0.00994371689402724
208,0.01068758445792264
209,0.018348627400863415
210,0.006621123498853463
211,0.00454346093501129
212,0.005172206059974397
213,0.0044989697577782085
214,0.0024244845310133615
215,0.0031792058926533857
216,0.005003326128953026
217,0.0053010320895350675
218,0.0034531084897717747
219,0.0029139408410208028
220,0.0023674143771912413
221,0.0019501536276264292
222,0.0017277342704145352
223,0.0027261697716239506
224,0.0009896486505640183
225,0.0009490891466060055
226,0.0012633663126567585
227,0.012173264134394084
228,0.021979475837747058
229,0.029047148602209385
230,0.018669026654571073
231,0.015476294111165714
232,0.013121417427245671
233,0.023648630348849835
234,0.0235097717327102
235,0.025966276753037358
236,0.025893459041006883
237,0.02543677843510391
238,0.028253696905221785
239,0.04970370007679305
240,0.09777140235130732
241,0.06332652033159619
242,0.0363367002860736
243,0.016814840281005633
244,0.013890318457900825
245,0.015021568376861283
246,0.010082041814407442
247,0.009268510156980384
248,0.020569036112494637
249,0.01703485530182825
250,0.013152458104836185
251,0.0169576166404233
252,0.02548358153003988
253,0.02411140148722845
254,0.018336347987511974
255,0.019255247528449617
256,0.023089185494446655
257,0.025005387933641026
258,0.03256858225189881
259,0.01742577215742696
260,0.023778889963027842
261,0.021051983586375098
262,0.01707587602821466
263,0.016493055213574262
264,0.020300140898351852
265,0.014887219567331722
266,0.007906496965448075
267,0.02478576724987994
268,0.030636255863209963
269,0.024581432275392723
270,0.03154829944255538
271,0.026328635837908513
272,0.08017044466865136
273,0.11723752833752016
274,0.04598797153735314
275,0.024572938825635045
276,0.03874553131832258
277,0.0249506000438094
278,0.017091439830728437
279,0.012203352275184076
280,0.00992041578274193
281,0.009798210070885268
282,0.0064313733382753
283,0.007983519200819696
284,0.00813474503551824
285,0.007980035706280994
286,0.0077663934905938745
287,0.00993768490182747
288,0.011333801571595652
289,0.007939309915103198
290,0.009277826411260962
291,0.02463789977576186
292,0.025007549242665586
293,0.00990688860350799
294,0.014565932396952155
295,0.017178346668942718
296,0.00986674583914712
297,0.014017862395097006
298,0.015273804678196093
299,0.015504955402998476
300,0.021893931924995013
301,0.10721541467080431
302,0.03922171240066285
303,0.03991133351993195
304,0.0196037039179878
305,0.030557528939663063
306,0.026178438070283847
307,0.02045073626909577
308,0.01964641567802085
309,0.019223512381591402
310,0.016848464908386644
311,0.01913807915100024
312,0.019340914199157767
313,0.014536382665589988
314,0.018588255501139402
315,0.02398868637059812
316,0.019277080838434622
317,0.01724696155434563
318,0.01845355350305289
319,0.023980418411764275
320,0.014132090095352214
321,0.011993942738942418
322,0.012799699905420183
323,0.026675023831982423
324,0.019500012736594186
325,0.014578754229257161
326,0.013386824032016204
327,0.014250657033025022
328,0.015470452315220248
329,0.011257706946689627
330,0.022514648425464343
331,0.007898531278077842
332,0.009927480080968906
333,0.01061276227523842
334,0.010888933777102665
335,0.0072158851634324
336,0.006985273260075224
337,0.006360845139761874
338,0.006910815917035618
339,0.00651144208057469
340,0.012375159657519078
341,0.010099839343945285
342,0.012186779993981184
343,0.013492216243090637
344,0.01238488836682692
345,0.016777103448551513
346,0.021819783613510165
347,0.012255023355640347
348,0.008356957802196812
349,0.008305588949639358
350,0.005698267143183244
351,0.015106067307962394
352,0.011275826260813561
353,0.0385597632974127
354,0.020683967541262477
355,0.015844619757829186
356,0.008131114148544567
357,0.010353363941565583
358,0.01492671713182178
359,0.013663615283742932
360,0.008382956889426781
361,0.013924788031470656
362,0.01980406500716468
363,0.007792252622827533
364,0.006968870497164077
365,0.0075572959263190955
366,0.008838134694404497
367,0.008054438379004847
368,0.012707414260264154
369,0.028462380121574374
370,0.014117361159579244
371,0.014240112545446038
372,0.017355644988562492
373,0.027930011567868136
374,0.01399782178859201
375,0.015565184966968355
376,0.017928071647339457
377,0.011114626943745423
378,0.009768754483602914
379,0.010008719423056412
380,0.012279356311678062
381,0.00570524070243462
382,0.006064084421032481
383,0.008880935948476673
384,0.013390260640509754
385,0.0068776833705363775
386,0.006537103613573159
387,0.0143685842772166
388,0.013611432355362217
389,0.016188226309823462
390,0.01209104611341133
391,0.02251885990910349
392,0.01614355763610039
393,0.015197309002493551
394,0.011663129988221194
395,0.013012459537604621
396,0.009073822274780062
397,0.008881520461940785
398,0.012535738695343444
399,0.006482438306375231
400,0.0057457316464472686
401,0.004507152181491235
402,0.005066586621993559
403,0.005500677873061379
404,0.00844082877211815
405,0.009728717584980485
406,0.013982530211943685
407,0.01991267423106084
408,0.016437433635131525
409,0.024610454804017152
410,0.07553831764588748
411,0.018796745848003497
412,0.016232131850315502
413,0.04224985325363531
414,0.056515759358683415
415,0.02099529728743997
416,0.01830608967096795
417,0.020691899032619507
418,0.01567359902579952
419,0.014263955518638703
420,0.018686785235197817
421,0.019147342844573513
422,0.014224744840529184
423,0.013375449867908045
424,0.017561576242698742
425,0.018549635743142456
426,0.014405734007685498
427,0.013626441325810534
428,0.013796304720121064
429,0.015280606404524914
430,0.013773708420274
431,0.01531452330941763
432,0.014664004962013942
433,0.01186592105641701
434,0.01334178391904301
435,0.031015006003380818
436,0.007788031515581597
437,0.005805922737057475
438,0.010436076909576202
439,0.006225840207158828
440,0.0034992561977003353
441,0.005023221374218746
442,0.007886881113361457
443,0.005140635951671247
444,0.0031512810524755596
445,0.004189364711600748
446,0.004610542572380717
447,0.009576958926967931
448,0.0016222232047680574
449,0.0009449950649517206
450,0.00022551170649298655
451,8.229843917909013e-05
452,8.851206744257355e-05
453,0.017263334481616176
454,0.023273005091795355
455,0.020378249635643674
456,0.009070379422511647
457,0.013044660919789768
458,0.014484104912618506
459,0.02934813242835654
460,0.020462370856956173
461,0.01920812359217156
462,0.03144607544802767
463,0.028986764396083806
464,0.03216260471398075
465,0.04430726136844777
466,0.09014304176876255
467,0.06661865900893771
468,0.01739022839637646
469,0.011603208899279703
470,0.024578913223432787
471,0.02312106463910255
472,0.012745550869267805
473,0.014485901499687969
474,0.03942664289005584
475,0.02925504496506501
476,0.01638852259569545
477,0.01216605778267184
478,0.016461014284831516
479,0.01777787663996202
480,0.015122494202668556
481,0.01905626282073466
482,0.019700983913480425
483,0.020109575222379036
484,0.026988672034371136
485,0.023529539437844613
486,0.027354953881392613
487,0.020613195087508474
488,0.020825839182064126
489,0.019294321923570678
490,0.022116429468594438
491,0.01970209300624626
492,0.016695016983864542
493,0.021127891120132556
494,0.051531990897059496
495,0.03274741651715675
496,0.04523322852694695
497,0.036106354923581024
498,0.048942434847927985
499,0.10713960686630601
500,0.04877961555333933
501,0.03870815945642932
502,0.049627401098858284
503,0.016289769033088857
504,0.012798928016607456
505,0.008363409103592215
506,0.0061793145575962435
507,0.00555976645156775
508,0.0071877973400444415
509,0.008052717223734776
510,0.0081165025168039
511,0.008024397546781113
512,0.008368306990486258
513,0.02839208083618605
514,0.01958698474485713
515,0.008278536522172445
516,0.010967372894627465
517,0.026593410127120742
518,0.02487902459460576
519,0.01304693624667352
520,0.014441491995192965
521,0.016366211600422675
522,0.009731536482418373
523,0.012063646499604454
524,0.0218432077646768
525,0.025496741285270602
526,0.02100874825391569
527,0.04513094883710496
528,0.027904648474010495
529,0.028314832038628095
530,0.019152636953684223
531,0.023103188810713823
532,0.022357096758521273
533,0.01941425041361741
534,0.0191584900133017
535,0.01461297549196471
536,0.017041085369159843
537,0.017636259531811038
538,0.018153146719725843
539,0.015555229456132703
540,0.013051650453708664
541,0.01895105184128646
542,0.017576665161281053
543,0.012872250488406253
544,0.00991589071123866
545,0.021101271469976566
546,0.018032470553891348
547,0.012960388443520276
548,0.011729163271812008
549,0.03603357104366077
550,0.0321716622429138
551,0.020299467730935345
552,0.012389179806193027
553,0.012880250215563093
554,0.02278494894411585
555,0.0195095661658812
556,0.026566228258954723
557,0.00643768302751919
558,0.0059582119510865825
559,0.01017497936742633
560,0.007259578096551876
561,0.007352215372354167
562,0.008329265605526902
563,0.005489773037748022
564,0.005484392186255573
565,0.004958287834783123
566,0.024571324159863198
567,0.013170624440743071
568,0.017627576208702856
569,0.0332284834001183
570,0.009718920593550898
571,0.013410166551877167
572,0.0018384327138345645
573,0.000720788669396565
574,0.0008114506752537733
575,0.0008220933436167827
576,0.000548192047989348
577,0.007411511899841958
578,0.005666719596608512
579,0.005678618577671737
580,0.009207351428527659
581,0.01798937838530732
582,0.005847997089700537
583,0.0064436180917522715
584,0.013521247011946657
585,0.017862598421518758
586,0.008357655322965174
587,0.011999469920671286
588,0.023995439830254286
589,0.01652323855837681
590,0.01612963247461303
591,0.018036245067691636
592,0.012794784201372134
593,0.011766846214930224
594,0.011351966648834779
595,0.01990830908215788
596,0.014768800775631441
597,0.01498563202422067
598,0.018819467795029104
599,0.028356462807307317
600,0.010764716984129286
601,0.012274471610469895
602,0.014506778826098745
603,0.012509247278367773
604,0.010871870778805725
605,0.010508269312979926
606,0.01168631789478112
607,0.005720516420542191
608,0.007705202826049087
609,0.010550806913479349
610,0.013629213152117455
611,0.007762732153073173
612,0.007447530355371486
613,0.012182346738964164
614,0.01160097456279042
615,0.013273280698383272
616,0.0072702217608905375
617,0.016017579911203724
618,0.01226951579931329
619,0.011379966650941624
620,0.00903321686398388
621,0.009903954425649501
622,0.006497918076321402
623,0.006330439254084891
624,0.00593237828480336
625,0.004087074234876943
626,0.0042564577845638695
627,0.0033215791175449333
628,0.0035466072782045464
629,0.003954897629114508
630,0.006481350879418683
631,0.008536153353204772
632,0.012284704717839835
633,0.020681288574854243
634,0.01965967328311159
635,0.026267034338090682
636,0.03406676611792938
637,0.01343171645421315
638,0.013983143742767185
639,0.04853841461676146
640,0.05380620883197506
641,0.023356852035671623
642,0.019734930736606204
643,0.024287964497862885
644,0.02112676796360856
645,0.017444282031966612
646,0.020693115893623375
647,0.019210895590796057
648,0.017761108060983404
649,0.016217950901705823
650,0.01751122326501827
651,0.014967445522131207
652,0.011737920594272856
653,0.012713840855577429
654,0.014730075620037829
655,0.014706257736424583
656,0.0128328860888147
657,0.013195698762359117
658,0.014860966855943302
659,0.014149868561454315
660,0.015448521905510847
661,0.0206173106231029
662,0.009563203526579637
663,0.008248194509535942
664,0.009967860628552408
665,0.007650991394973563
666,0.004414352914967518
667,0.005856295905809858
668,0.010104547573011165
669,0.009874886922350222
670,0.004851813794994116
671,0.002740669299885349
672,0.0031673076860777877
673,0.0043224552885064976
674,0.0023177050097811474
675,0.004185683333946565
676,0.0014193936856165305
677,0.0004287684734477443
678,0.00021250255367007845
679,0.022622184647816394
680,0.022762616538923326
681,0.025247016003818464
682,0.021843931340951084
683,0.02851144014238537
684,0.02475680615256032
685,0.017048068913833984
686,0.021161650477486284
687,0.02971664441883185
688,0.03441932784389315
689,0.039542436884081655
690,0.05024529136725668
691,0.08317804024158663
692,0.08928342389360448
693,0.05280325170923341
694,0.049062779200334375
695,0.04611041027884011
696,0.03663135394902078
697,0.026669260021212605
698,0.024483718641508206
699,0.015186985372401613
700,0.03534894141830011
701,0.03037645090206144
702,0.02527281839882948
703,0.02001114139999209
704,0.025069765429009
705,0.02335564529929239
706,0.01953209603750828
707,0.01952705374311545
708,0.025937378686757048
709,0.036702801520560484
710,0.03845624441896212
711,0.020229216057717898
712,0.02818047170517667
713,0.0240080687925135
714,0.016332119377843558
715,0.016811900415593706
716,0.023439344236143224
717,0.01804380338796837
718,0.021300960108460356
719,0.04369728551833165
720,0.04967804824174457
721,0.02446943098693251
722,0.03276843534962096
723,0.020429431210341586
724,0.0799534721869202
725,0.11486192325453545
726,0.03868050334857749
727,0.016226063023472702
728,0.018580282473603313
729,0.0199286908034937
730,0.01622022420241362
731,0.007966630125932765
732,0.007070134831162402
733,0.0073071979122341065
734,0.004781662061830382
735,0.0066939818681571416
736,0.008954370730863616
737,0.008381739608457228
738,0.009271347051506429
739,0.020739656093778445
740,0.01827096357189143
741,0.0065998368451737075
742,0.007235148041205757
743,0.015123728097415478
744,0.01581364596320449
745,0.009277155701330019
746,0.013568099410771608
747,0.015131456680365864
748,0.011802587959157135
749,0.0137146391845084
750,0.01396714697504274
751,0.01698114872654106
752,0.021887854038853845
753,0.09094071384721174
754,0.03274127834427375
755,0.032793966273313276
756,0.018203461479891714
757,0.025968396895356065
758,0.024962656524314203
759,0.022163557485494784
760,0.01958461053994595
761,0.015326965113087565
762,0.015541362934486925
763,0.015159108518237078
764,0.01645123984461199
765,0.014608420349123772
766,0.013979498262425467
767,0.017289985562362754
768,0.015643558326075648
769,0.013866165941966387
770,0.010609107466584115
771,0.017158033088158598
772,0.014449300168216753
773,0.009407917709231925
774,0.008116695881747831
775,0.01451091697715734
776,0.012607710433616345
777,0.009380681058372175
778,0.009721856752708953
779,0.007965448496094926
780,0.014307939560742815
781,0.015731969652230112
782,0.02600618042483571
783,0.005724997965649144
784,0.007930047407320758
785,0.00968963549510889
786,0.006615779469918671
787,0.006617775318004785
788,0.006682437156747972
789,0.0011217151359906744
790,0.001385756700207952
791,0.00151303472519271
792,0.00207677686915197
793,0.003649239244801438
794,0.003218732243371475
795,0.006069085973932703
796,0.005575457740398706
797,0.01204185381640913
798,0.003531182341780862
799,0.0013463121929212169
800,0.0015089747627038605
801,0.0011810180227452627
802,0.0009052538810738615
803,0.007806639748769119
804,0.006706626724134579
805,0.020548272419074354
806,0.013355884951291573
807,0.02110189847383856
808,0.013501095085911963
809,0.011120070193149936
810,0.01697736787568893
811,0.02012245416002281
812,0.008322266974404718
813,0.012103653600192117
814,0.017817823895010527
815,0.008723976137928484
816,0.007422169577399856
817,0.010163922058263096
818,0.012936267341917641
819,0.009323256712522569
820,0.009786961936371663
821,0.01603607443270844
822,0.011503185065379899
823,0.011151605233015786
824,0.014587666025154074
825,0.026473322817169697
826,0.012029217121740312
827,0.01326751856226389
828,0.016210151944178297
829,0.012528456775599077
830,0.01063234456245888
831,0.010205965492589637
832,0.012631582893552158
833,0.007041795724555049
834,0.009699045165730075
835,0.014236773923362532
836,0.013124106807565804
837,0.0071105052469889836
838,0.007242091859717018
839,0.010866481786154717
840,0.009319256234787753
841,0.01260845724990274
842,0.009877043313343612
843,0.02433277859758061
844,0.012844372097053202
845,0.012696419957426876
846,0.009720116469736043
847,0.008259768659418843
848,0.004610410142347044
849,0.00320861437843354
850,0.0018789619969510622
851,0.0031047738806035605
852,0.003123242313636187
853,0.0023633123233819816
854,0.0028289416148968905
855,0.0032701960846540684
856,0.004880393354364796
857,0.007019293759692382
858,0.010710644058145204
859,0.017968588899632317
860,0.014365854039868724
861,0.025631819235039554
862,0.06448991845832398
863,0.015009142523285501
864,0.010153878463513729
865,0.04508247612265933
866,0.05756850987198696
867,0.021502867364591696
868,0.017329195205515454
869,0.022248881692234938
870,0.020358436666259264
871,0.019269428519709506
872,0.022670289632673746
873,0.02034050715918367
874,0.016996982784261722
875,0.013745544192218908
876,0.018229725964319328
877,0.018440651715829086
878,0.013574976798835325
879,0.014150105920210126
880,0.012034571914973834
881,0.012206005077328327
882,0.011546714882532031
883,0.01566688486608165
884,0.011220683410883933
885,0.007507719354083467
886,0.009943195861419675
887,0.03319986777179144
888,0.01284987573582938
889,0.0071325480994956355
890,0.009590426541334164
891,0.0096606264698594
892,0.0038838356002507727
893,0.00490891651095003
894,0.00819331451393848
895,0.0064513671025316875
896,0.0041140725921494335
897,0.002738146511751474
898,0.0006609536971402209
899,0.0006341690413822672
900,0.000150715986920815
901,0.0004147140316990965
902,0.0009569536996161339
903,0.0006379420679765328
904,0.0007661054698964905
905,0.02106583027793824
906,0.018302144211400796
907,0.02878083460414047
908,0.017489745826193635
909,0.022869680789842427
910,0.016058314826673702
911,0.018710049438066926
912,0.017579715779765692
913,0.018233832112108186
914,0.029496672511526528
915,0.029355266867781282
916,0.0335063574245413
917,0.05944505604958598
918,0.09454169527921918
919,0.07211801985688049
920,0.03268391914295935
921,0.02337299644872115
922,0.018089692426464795
923,0.015345838669232847
924,0.011142277415404935
925,0.009462809512488861
926,0.022565720194800847
927,0.018683853406088982
928,0.014089213209640414
929,0.010145064904653032
930,0.012139743590054389
931,0.016101808400636637
932,0.013186417357425147
933,0.015370172185311832
934,0.02066329884175513
935,0.021428998213041874
936,0.022747133451088353
937,0.01879971957739634
938,0.025272088225182794
939,0.02070692946806109
940,0.018347586020411567
941,0.01810412933258061
942,0.024158822110897475
943,0.02477485667921032
944,0.02061901887794518
945,0.03773002715581479
946,0.02678571019776966
947,0.01500454056804736
948,0.024298036414034004
949,0.019046010638958052
950,0.06756256905829168
951,0.12505907985774256
952,0.04255381424124583
953,0.030154169077804327
954,0.047318093374504114
955,0.021551192684254865
956,0.014835235061103843
957,0.010928066041543559
958,0.009829854807191183
959,0.010009462386312043
960,0.006233691691284141
961,0.007462560829749953
962,0.00742882064396467
963,0.006036446736506577
964,0.004917383319311951
965,0.006867765403612859
966,0.012076680590474608
967,0.00817842195471837
968,0.008951562631790698
969,0.013775021188047444
970,0.020268321407809098
971,0.013243648650678872
972,0.015618546950630072
973,0.015348995083139041
974,0.011232179316220227
975,0.014327409648860564
976,0.0158215557292594
977,0.016229254135930786
978,0.022712926371389715
979,0.0894600668139393
980,0.03690358960754672
981,0.03355348488362775
982,0.017356413986356803
983,0.022844169652210772
984,0.02425850281935387
985,0.023612811968225737
986,0.022520510198952667
987,0.015491043520947344
988,0.018233325260489333
989,0.019318094037111207
990,0.02050644189284037
991,0.01617221887724765
992,0.016825427039254014
993,0.02321027538646477
994,0.021555823294296145
995,0.017692761557477715
996,0.01901961260903994
997,0.025536575721726133
998,0.014603775797071365
999,0.0160101904445322
1000,0.008495818278629554
1001,0.022147176863673856
1002,0.01676687041062104
1003,0.023594583544163522
1004,0.01500759939361259
1005,0.0090548750385221
1006,0.007983880650613116
1007,0.006304453782330535
1008,0.0063233143361563675
1009,0.005303580461959978
1010,0.006392829487086681
1011,0.002229763305435795
1012,0.004587971403489996
1013,0.0037827901378428125
1014,0.004220188953986496
1015,0.003630858797561126
1016,0.004121925048075723
1017,0.005073672239344196
1018,0.009251702426285957
1019,0.007067339325212356
1020,0.0060012790940642425
1021,0.021226519204772608
1022,0.017354830982993567
1023,0.01773196776905043
1024,0.01202155201447053
1025,0.004976784683998607
1026,0.003012578499129826
1027,0.003789939711588983
1028,0.00382807763079914
1029,0.004502419813303627
1030,0.003360704012429976
1031,0.010665211461196842
1032,0.011670708055547123
1033,0.03206717213628904
1034,0.0053734589272331
1035,0.0049591505318382625
1036,0.013110400379204294
1037,0.017325511282276624
1038,0.009467432193388909
1039,0.011207217008403231
1040,0.024547728283845695
1041,0.015491800147547877
1042,0.014941673096768212
1043,0.014993815655758639
1044,0.018035564684504006
1045,0.015545418018200452
1046,0.016225175319989384
1047,0.024663488109893824
1048,0.012040240049362015
1049,0.012867501064163851
1050,0.015644916848900972
1051,0.022821384939740973
1052,0.014748383480286772
1053,0.015219808943506977
1054,0.020092571061864385
1055,0.01564883468243042
1056,0.013140344336686339
1057,0.012702899805483645
1058,0.016633016424650544
1059,0.010854600756535764
1060,0.008273657036470542
1061,0.011399456169984909
1062,0.013910873659357555
1063,0.006384798798274073
1064,0.00553148757887536
1065,0.012755104167049922
1066,0.01083660996531159
1067,0.013843073630149515
1068,0.011303794905876012
1069,0.015941072260647293
1070,0.011467908518623207
1071,0.009612884975923346
1072,0.007494793418063113
1073,0.008222628872526564
1074,0.004069359480167362
1075,0.0019760047328423727
1076,0.0006796434957954166
1077,0.0015557265089643857
1078,0.0019843406466092894
1079,0.0015497522366847455
1080,0.0018691751184048049
1081,0.0028160534354964017
1082,0.00551774343222884
1083,0.007796387408684945
1084,0.011656106671986726
1085,0.019935394561741725
1086,0.012226655092694974
1087,0.022672450571175975
1088,0.028445592218258844
1089,0.012211205028042458
1090,0.016806299051724483
1091,0.03615930890519988
1092,0.047610490445694875
1093,0.019138238788328325
1094,0.014340985454919073
1095,0.01837055229624983
1096,0.018812603498648613
1097,0.017237942590586204
1098,0.019839553954786204
1099,0.018855738075393917
1100,0.01618081399961125
1101,0.014064677713444348
1102,0.01732013905104691
1103,0.016842489236224154
1104,0.013495652428167668
1105,0.014287233343680355
1106,0.013977205514165097
1107,0.016394379676255375
1108,0.01471405741697705
1109,0.014387424934957486
1110,0.014393305404647838
1111,0.013626472982575022
1112,0.013938546524708656
1113,0.021203809974278218
1114,0.011214017521276138
1115,0.01110406796746604
1116,0.011818408746546268
1117,0.012129979893882023
1118,0.004269737098825141
1119,0.0051133176404111295
1120,0.0078015825442928465
1121,0.0072471478211696035
1122,0.005649143569600643
1123,0.005341958767054141
1124,0.0027508186786075035
1125,0.0020062867188001122
1126,0.0018134886848639943
1127,0.004216386252272334
1128,0.005630101960343282
1129,0.0018807346617306557
1130,0.0011307810148297038
1131,0.04088021090574719
1132,0.05025695524286557
1133,0.04460444405182281
1134,0.01630041183524511
1135,0.019553896340116273
1136,0.023830110885457154
1137,0.019896972112847043
1138,0.01593034383576714
1139,0.025077906286231532
1140,0.03626396539652896
1141,0.03915628503707898
1142,0.04112823572939761
1143,0.05535583578694556
1144,0.09839811057335726
1145,0.05639216072052417
1146,0.05322915483641379
1147,0.02524693904498802
1148,0.019446126185433295
1149,0.019252521271118202
1150,0.020537864705664453
1151,0.011887194277838735
1152,0.015960268823335493
1153,0.012807683361112805
1154,0.008520477341286019
1155,0.007933539293054726
1156,0.009633964170417904
1157,0.013274418781050124
1158,0.010749469623927062
1159,0.012597970900913318
1160,0.01973656534228877
1161,0.02096073236127295
1162,0.028417950095343158
1163,0.016883729029042262
1164,0.02373359037457693
1165,0.021536473146405073
1166,0.019111302295171897
1167,0.025208893681502767
1168,0.027853762595410253
1169,0.01932091098543619
1170,0.018803717897812204
1171,0.022883182766528645
1172,0.05191789978418456
1173,0.031113742355904833
1174,0.04933479471376973
1175,0.03538968857059953
1176,0.09819157741351027
1177,0.103249645131498
1178,0.07944922427485472
1179,0.017660935519891365
1180,0.03271347179377166
1181,0.03702510179004754
1182,0.024383765535398623
1183,0.0161412244347009
1184,0.012203113149096648
1185,0.011074444672978223
1186,0.006469696378618086
1187,0.007700130988426193
1188,0.006894009548719066
1189,0.007668764468747547
1190,0.006564383365087421
1191,0.010617090703108052
1192,0.01879609494420619
1193,0.008765010493917766
1194,0.010731481211186604
1195,0.028023138809395606
1196,0.02302625273478744
1197,0.011019353681589726
1198,0.01879233181347177
1199,0.019576844626767002
1200,0.01263120110044286
1201,0.014334613095173435
1202,0.018049432687118727
1203,0.02394170143986875
1204,0.025802490031750298
1205,0.04761460161426653
1206,0.027119903899204576
1207,0.029058340631587836
1208,0.016958750146159014
1209,0.01775181633626804
1210,0.02025778836547536
1211,0.02046952739880608
1212,0.019538671671981474
1213,0.014595930593827734
1214,0.014690338101432542
1215,0.016024879727249884
1216,0.0161633421767537
1217,0.0129787410079615
1218,0.013758205445293697
1219,0.021277158319221535
1220,0.01684589447020284
1221,0.01401984379460345
1222,0.013321209926815944
1223,0.022595987424825985
1224,0.019069488612972703
1225,0.013984363440823539
1226,0.011482689344159913
1227,0.01762614788851859
1228,0.015958847608682037
1229,0.0418904587152423
1230,0.032842773888108134
1231,0.012925436844139172
1232,0.011572061832489603
1233,0.016369639320518693
1234,0.02933134761293291
1235,0.008508987112282467
1236,0.01064812412488088
1237,0.006866638551787695
1238,0.00968839022408045
1239,0.0071461590451254164
1240,0.006795814640909463
1241,0.00544233759105568
1242,0.006307613459213417
1243,0.009889983014026351
1244,0.013166415411576149
1245,0.013037584784543177
1246,0.018497201895100505
1247,0.013528053462075206
1248,0.011679615607828278
1249,0.031293306472786796
1250,0.02137468710567095
1251,0.01482165544230086
1252,0.007934674107178057
1253,0.008679865099820291
1254,0.009523500264371938
1255,0.01987128225603141
1256,0.008557177361722752
1257,0.015189427523293388
1258,0.016580218370259848
1259,0.02605484787552368
1260,0.009282309227185336
1261,0.007527497363740923
1262,0.010988140964030384
1263,0.011573537354500433
1264,0.007683501955394556
1265,0.00948854540980992
1266,0.015312955701962588
1267,0.008611655824219982
1268,0.008536301773635962
1269,0.010127389775806676
1270,0.009511279603912452
1271,0.008302967968713826
1272,0.010995945944812893
1273,0.018345705962858543
1274,0.006885385340558268
1275,0.006781329528885245
1276,0.008615296953393414
1277,0.022746129908884548
1278,0.012126033123172304
1279,0.01197247730646135
1280,0.015016628684511937
1281,0.013926696279681279
1282,0.011192100671287971
1283,0.01011638753828266
1284,0.014184212192861196
1285,0.007989432521836523
1286,0.006269157533017999
1287,0.009610327153281889
1288,0.012625107186165446
1289,0.006648773582002131
1290,0.007807505123534672
1291,0.01710101705372045
1292,0.01582633881022004
1293,0.01730574628052624
1294,0.013380081958218111
1295,0.031097657690360984
1296,0.01919109071984792
1297,0.016044996657327858
1298,0.012823861769828257
1299,0.012388441133523238
1300,0.008685656325191391
1301,0.0076140639277856356
1302,0.010166649263633736
1303,0.005292978026035292
1304,0.005177135737106065
1305,0.0038845309535804314
1306,0.0044126847219427435
1307,0.005483660093296144
1308,0.00913285004495035
1309,0.012178022125147566
1310,0.018985211224964174
1311,0.02778037936290655
1312,0.026323180367654575
1313,0.031801974434634665
1314,0.04829574532630674
1315,0.01490680905257358
1316,0.014337181892988295
1317,0.03628236495605846
1318,0.0633117578057238
1319,0.02498908502077231
1320,0.018186562825814875
1321,0.023294100484635274
1322,0.02055369053433193
1323,0.016745093238452267
1324,0.020268018806732613
1325,0.018902399953772537
1326,0.015433924347465669
1327,0.01252525766207191
1328,0.013765539798701534
1329,0.011558837066444784
1330,0.008575979127783611
1331,0.009468966122146814
1332,0.00994458162941635
1333,0.00887457573766022
1334,0.007374047825581606
1335,0.00793517487673138
1336,0.007464973449654977
1337,0.006198716468062933
1338,0.006836591522520831
1339,0.00937127459793527
1340,0.005549384944349361
1341,0.004473848339187566
1342,0.005123531392763154
1343,0.003902622146082038
1344,0.0024916052609078674
1345,0.0031416757695507153
1346,0.005737277481708446
1347,0.0032094847778201883
1348,0.0027780622992269197
1349,0.0033895438367408893
1350,0.0028512594066099836
1351,0.00475193811862335
1352,0.004904531185317073
1353,0.006579802583409221
1354,0.009332603264975646
1355,0.0010057090798912065
1356,0.0002506849610592651
